_id,cartItems[0],cartItems[1],cartItems[2],cartItems[3],cartItems[4],cartItems[5],cartItems[6]
66278dcc6160c152ae618f66,AC23686,CL96023,CL36908,,,,
66278dcc6160c152ae618f67,EL22691,EL71557,CL36908,,,,
66278dcc6160c152ae618f68,HK71780,HK95375,,,,,
66278dcc6160c152ae618f69,AC25302,CL40701,,,,,
66278dcc6160c152ae618f6a,HK34118,FG17692,,,,,
66278dcc6160c152ae618f6b,HK28828,HK77324,,,,,
66278dcc6160c152ae618f6c,HK23601,HK61671,,,,,
66278dcc6160c152ae618f6d,FG17692,HK59077,,,,,
66278dcc6160c152ae618f6e,FG69165,HK77324,HK53402,,,,
66278dcc6160c152ae618f6f,HK25755,FG41675,,,,,
66278dcc6160c152ae618f70,FG53155,HK99202,,,,,
66278dcc6160c152ae618f71,FG83773,EL79858,CL42502,HK23308,,,
66278dcc6160c152ae618f72,FG83773,CL42502,FO64462,,,,
66278dcc6160c152ae618f73,EL19646,EL36975,,,,,
66278dcc6160c152ae618f74,EL68203,EL54798,,,,,
66278dcc6160c152ae618f75,FG96774,HK23308,FG28027,EL66216,,,
66278dcc6160c152ae618f76,EL68203,EL54798,,,,,
66278dcc6160c152ae618f77,EL34142,EL99602,,,,,
66278dcc6160c152ae618f78,EL31926,EL14702,,,,,
66278dcc6160c152ae618f79,EL57019,EL54671,,,,,
66278dcc6160c152ae618f7a,EL57019,EL38439,,,,,
66278dcc6160c152ae618f7b,FO94741,CL85443,CL36908,,,,
66278dcc6160c152ae618f7c,CL63244,FO10382,,,,,
66278dcc6160c152ae618f7d,CL85443,CL36908,,,,,
66278dcc6160c152ae618f7e,HK67561,HK45153,,,,,
66278dcc6160c152ae618f7f,HK53402,HK99744,HK95375,,,,
66278dcc6160c152ae618f80,HK25755,HK29859,HK28902,,,,
66278dcc6160c152ae618f81,HK49124,HK16937,HK84258,,,,
66278dcc6160c152ae618f82,HK99202,HK61671,,,,,
66278dcc6160c152ae618f83,HK59077,HK39038,,,,,
66278dcc6160c152ae618f84,HK11569,HK23308,,,,,
66278dcc6160c152ae618f85,HK56075,HK97682,,,,,
66278dcc6160c152ae618f86,HK97016,HK64469,,,,,
66278dcc6160c152ae618f87,HK77324,HK51349,,,,,
66278dcc6160c152ae618f88,HK20749,HK71780,,,,,
66278dcc6160c152ae618f89,HK34118,HK42939,,,,,
66278dcc6160c152ae618f8a,HK42720,HK28828,,,,,
66278dcc6160c152ae618f8b,HK23601,HK92894,,,,,
66278dcc6160c152ae618f8c,HK41307,HK16543,,,,,
66278dcc6160c152ae618f8d,HK62229,HK89146,,,,,
66278dcc6160c152ae618f8e,HK26916,HK58580,,,,,
66278dcc6160c152ae618f8f,HK86389,HK79920,,,,,
66278dcc6160c152ae618f90,HK77876,HK41475,,,,,
66278dcc6160c152ae618f91,FG40906,FG22710,,,,,
66278dcc6160c152ae618f92,FG91177,FG75889,,,,,
66278dcc6160c152ae618f93,FG28027,FG36273,,,,,
66278dcc6160c152ae618f94,FG60329,FG95728,,,,,
66278dcc6160c152ae618f95,FG30905,FG87008,,,,,
66278dcc6160c152ae618f96,FG18609,FG30587,FG74971,,,,
66278dcc6160c152ae618f97,FG90724,FG50326,FG50380,,,,
66278dcc6160c152ae618f98,FG52123,FG14807,FG96774,,,,
66278dcc6160c152ae618f99,FG79219,FG13266,,,,,
66278dcc6160c152ae618f9a,FG13266,FG83030,FG74020,,,,
66278dcc6160c152ae618f9b,FG53155,FG83773,,,,,
66278dcc6160c152ae618f9c,FG94531,FG29009,,,,,
66278dcc6160c152ae618f9d,FG55187,FG11499,,,,,
66278dcc6160c152ae618f9e,FG70332,FG16378,FG49101,,,,
66278dcc6160c152ae618f9f,FG89361,FG24399,FG73148,,,,
66278dcc6160c152ae618fa0,FG36273,FG90112,FG41675,,,,
66278dcc6160c152ae618fa1,FG50369,FG69165,FG17692,,,,
66278dcc6160c152ae618fa2,FG85713,FG66801,,,,,
66278dcc6160c152ae618fa3,FG56289,FG61149,,,,,
66278dcc6160c152ae618fa4,EL66216,EL65707,EL86073,EL51081,,,
66278dcc6160c152ae618fa5,EL67521,EL25778,EL46518,,,,
66278dcc6160c152ae618fa6,EL73263,EL51259,EL99484,EL47015,EL45377,,
66278dcc6160c152ae618fa7,EL79858,EL38439,EL22354,EL77876,EL51081,,
66278dcc6160c152ae618fa8,EL49909,EL66369,EL71557,,,,
66278dcc6160c152ae618fa9,EL54671,EL22555,EL77876,EL51081,EL23603,,
66278dcc6160c152ae618faa,EL44985,EL23603,EL22555,EL66369,EL70736,EL35560,
66278dcc6160c152ae618fab,EL50299,EL97254,EL29924,EL97049,,,
66278dcc6160c152ae618fac,EL48294,EL24311,EL68288,,,,
66278dcc6160c152ae618fad,EL38439,EL97849,EL51081,EL77876,EL23603,EL22354,
66278dcc6160c152ae618fae,EL29211,EL57019,EL97849,EL43136,EL35560,EL61265,
66278dcc6160c152ae618faf,EL63523,EL57019,EL97849,EL43136,EL35560,EL20358,
66278dcc6160c152ae618fb0,EL49342,EL22555,EL57019,EL82592,EL68203,EL33037,
66278dcc6160c152ae618fb1,EL99602,EL22555,EL57019,EL82592,EL35560,EL33037,
66278dcc6160c152ae618fb2,EL49292,EL22555,EL57019,EL82592,EL35560,EL33037,EL74311
66278dcc6160c152ae618fb3,EL20217,EL22555,EL57019,EL82592,EL35560,EL33037,EL52978
66278dcc6160c152ae618fb4,EL92794,EL97849,EL73476,EL19646,EL12588,,
66278dcc6160c152ae618fb5,EL37386,EL97849,EL73476,EL19646,EL12588,EL75682,
66278dcc6160c152ae618fb6,EL57247,EL97849,EL73476,EL19646,EL12588,EL75682,
66278dcc6160c152ae618fb7,EL38091,EL97849,EL82626,EL19646,EL12588,,
66278dcc6160c152ae618fb8,EL94434,EL61210,EL29924,EL51081,EL35560,EL33037,EL86073
66278dcc6160c152ae618fb9,EL97756,EL97849,EL57019,EL17682,,,
66278dcc6160c152ae618fba,EL54199,EL97849,EL28741,EL82592,EL11243,,
66278dcc6160c152ae618fbb,EL25778,EL97254,EL57019,EL29924,EL68203,EL49433,
66278dcc6160c152ae618fbc,EL57427,EL97849,EL51081,EL37929,EL68203,EL50080,
66278dcc6160c152ae618fbd,EL10959,EL97254,EL28741,EL29924,EL82676,EL54511,
66278dcc6160c152ae618fbe,EL65667,EL22555,EL12588,EL34142,,,
66278dcc6160c152ae618fbf,EL26511,EL97254,EL29924,EL57019,EL35560,EL20328,
66278dcc6160c152ae618fc0,EL61095,EL68288,EL31926,EL24311,EL52695,EL18693,
66278dcc6160c152ae618fc1,FO53099,AC89732,,,,,
66278dcc6160c152ae618fc2,AC25302,CL23799,,,,,
66278dcc6160c152ae618fc3,FO54575,CL67764,,,,,
66278dcc6160c152ae618fc4,AC37430,CL31390,FO94741,,,,
66278dcc6160c152ae618fc5,FO43651,CL76625,AC18607,,,,
66278dcc6160c152ae618fc6,AC81332,CL96004,,,,,
66278dcc6160c152ae618fc7,FO58717,CL67287,AC23686,,,,
66278dcc6160c152ae618fc8,AC64777,FO82438,,,,,
66278dcc6160c152ae618fc9,CL25240,CL77023,CL33204,,,,
66278dcc6160c152ae618fca,CL13072,CL40701,CL27469,,,,
66278dcc6160c152ae618fcb,AC40417,CL36908,,,,,
66278dcc6160c152ae618fcc,CL74932,CL73785,,,,,
66278dcc6160c152ae618fcd,CL81892,CL52988,,,,,
66278dcc6160c152ae618fce,CL63244,CL96008,,,,,
66278dcc6160c152ae618fcf,CL59154,CL52996,,,,,
66278dcc6160c152ae618fd0,CL85443,CL22572,,,,,
66278dcc6160c152ae618fd1,CL46928,CL18323,CL73362,,,,
66278dcc6160c152ae618fd2,CL31222,CL28431,,,,,
66278dcc6160c152ae618fd3,FO53099,AC89732,AC25302,CL23799,,,
66278dcc6160c152ae618fd4,FO54575,CL67764,AC37430,CL31390,,,
66278dcc6160c152ae618fd5,CL76625,AC18607,AC81332,CL96004,,,
66278dcc6160c152ae618fd6,FO58717,CL67287,AC23686,AC64777,,,
66278dcc6160c152ae618fd7,FO17336,CL25240,CL77023,CL33204,,,
66278dcc6160c152ae618fd8,CL13072,CL40701,CL27469,AC40417,CL36908,,
66278dcc6160c152ae618fd9,AC61839,CL42502,,,,,
66278dcc6160c152ae618fda,AC61506,FO41783,,,,,
66278dcc6160c152ae618fdb,CL74932,CL73785,CL81892,CL52988,,,
66278dcc6160c152ae618fdc,CL63244,CL96008,CL59154,CL52996,,,
66278dcc6160c152ae618fdd,CL96023,CL85443,CL22572,,,,
66278dcc6160c152ae618fde,CL46928,CL18323,CL73362,,,,
66278dcc6160c152ae618fdf,HK67561,HK45153,HK53402,HK99744,HK95375,,
66278dcc6160c152ae618fe0,HK25755,HK29859,HK28902,HK49124,HK16937,HK84258,
66278dcc6160c152ae618fe1,HK99202,HK61671,HK59077,HK39038,,,
66278dcc6160c152ae618fe2,HK11569,HK23308,HK56075,HK97682,,,
66278dcc6160c152ae618fe3,HK97016,HK64469,HK77324,HK51349,,,
66278dcc6160c152ae618fe4,HK20749,HK71780,HK34118,HK42939,,,
66278dcc6160c152ae618fe5,HK42720,HK28828,HK23601,HK92894,,,
66278dcc6160c152ae618fe6,HK41307,HK16543,HK62229,HK89146,,,
66278dcc6160c152ae618fe7,HK26916,HK58580,HK86389,HK79920,HK77876,HK41475,
66278dcc6160c152ae618fe8,EL22354,EL64748,EL99450,EL65009,,,
66278dcc6160c152ae618fe9,EL13256,EL49089,EL79239,EL11346,,,
66278dcc6160c152ae618fea,EL16898,EL49089,EL79239,EL11346,,,
66278dcc6160c152ae618feb,EL45377,EL64748,EL99450,EL65009,,,
66278dcc6160c152ae618fec,EL75682,EL59653,EL94359,EL11346,,,
66278dcc6160c152ae618fed,EL86073,EL64748,EL99450,EL65009,,,
66278dcc6160c152ae618fee,EL74010,EL59653,EL79239,EL65009,,,
66278dcc6160c152ae618fef,EL52848,EL59653,EL79239,EL65009,,,
66278dcc6160c152ae618ff0,EL97049,EL49089,EL79239,EL65009,,,
66278dcc6160c152ae618ff1,EL22847,EL49089,EL79239,EL65009,,,
66278dcc6160c152ae618ff2,EL89040,EL49089,EL79239,EL65009,,,
66278dcc6160c152ae618ff3,EL11262,EL49089,EL79239,EL65009,,,
66278dcc6160c152ae618ff4,EL99852,EL49089,EL79239,EL65009,,,
66278dcc6160c152ae618ff5,EL66185,EL49089,EL79239,EL65009,,,
66278dcc6160c152ae618ff6,EL23522,EL49089,EL79239,EL11346,,,
66278dcc6160c152ae618ff7,EL49870,EL49089,EL79239,EL11346,,,
66278dcc6160c152ae618ff8,EL54702,EL49089,EL79239,EL11346,,,
66278dcc6160c152ae618ff9,EL93408,EL49089,EL79239,EL11346,,,
66278dcc6160c152ae618ffa,EL54511,EL49089,EL79239,EL11346,,,
66278dcc6160c152ae618ffb,EL93197,EL64748,EL99450,EL65009,,,
66278dcc6160c152ae618ffc,EL27826,EL64748,EL99450,EL65009,,,
66278dcc6160c152ae618ffd,EL49433,EL64748,EL99450,EL65009,,,
66278dcc6160c152ae618ffe,EL61265,EL94359,EL11346,EL59653,,,
66278dcc6160c152ae618fff,EL20358,EL94359,EL11346,EL59653,,,
66278dcc6160c152ae619000,EL76112,EL94359,EL11346,EL59653,,,
66278dcc6160c152ae619001,EL81264,EL94359,EL11346,EL59653,,,
66278dcc6160c152ae619002,EL36975,EL10748,EL46714,EL99064,,,
66278dcc6160c152ae619003,EL69048,EL10748,EL46714,EL99064,,,
66278dcc6160c152ae619004,EL18693,EL10748,EL46714,EL99064,,,
66278dcc6160c152ae619005,EL22691,EL10748,EL46714,EL99064,,,
66278dcc6160c152ae619006,EL50080,EL99450,EL59653,EL11346,,,
66278dcc6160c152ae619007,EL28310,EL94359,EL11346,EL59653,,,
66278dcc6160c152ae619008,EL59928,EL49089,EL79239,EL65009,,,
66278dcc6160c152ae619009,EL11243,EL49089,EL79239,EL11346,,,
66278dcc6160c152ae61900a,EL91890,EL49089,EL79239,EL11346,,,
66278dcc6160c152ae61900b,EL22062,EL99450,EL59653,EL11346,,,
66278dcc6160c152ae61900c,EL97419,EL94359,EL11346,EL59653,,,
66278dcc6160c152ae61900d,EL31942,EL49089,EL79239,EL11346,,,
66278dcc6160c152ae61900e,EL96339,EL49089,EL79239,EL11346,,,
66278dcc6160c152ae61900f,EL34142,EL49089,EL94359,EL65009,,,
66278dcc6160c152ae619010,EL20328,EL49089,EL94359,EL65009,,,
66278dcc6160c152ae619011,EL52978,EL49089,EL94359,EL65009,,,
66278dcc6160c152ae619012,EL74311,EL99450,EL59653,EL11346,,,
66278dcc6160c152ae619013,HK19471,HK84249,HK41899,,,,
66278dcc6160c152ae619014,HK21766,HK97243,HK80299,HK68694,,,
66278dcc6160c152ae619015,FG42575,FG88918,HK41899,,,,
66278dcc6160c152ae619016,HK51058,HK27674,HK68694,,,,
66278dcc6160c152ae619017,FG27092,FG66016,HK80299,HK68694,,,
66278dcc6160c152ae619018,CL23799,FO17336,,,,,
66278dcc6160c152ae619019,CL23799,FO80017,,,,,
66278dcc6160c152ae61901a,CL77023,FO10382,,,,,
66278dcc6160c152ae61901b,HK84258,FG42575,,,,,
66278dcc6160c152ae61901c,HK84258,FG42575,,,,,
66278dcc6160c152ae61901d,HK84258,FG27092,,,,,
66278dcc6160c152ae61901e,HK84258,FG27092,,,,,
66278dcc6160c152ae61901f,FG27092,FG50380,,,,,
66278dcc6160c152ae619020,CL63244,CL52988,,,,,
66278dcc6160c152ae619021,CL63244,CL52988,,,,,
66278dcc6160c152ae619022,FO94601,HK23308,,,,,
66278dcc6160c152ae619023,FO10382,CL23799,,,,,
66278dcc6160c152ae619024,FO10382,AC25302,,,,,
66278dcc6160c152ae619025,FO62731,EL66216,,,,,
66278dcc6160c152ae619026,FO62731,EL73263,,,,,
66278dcc6160c152ae619027,FO25510,CL25240,,,,,
66278dcc6160c152ae619028,FO25510,AC25302,,,,,
66278dcc6160c152ae619029,FO94741,CL52996,,,,,
66278dcc6160c152ae61902a,FO94741,AC61839,,,,,
66278dcc6160c152ae61902b,FO94601,CL31222,,,,,
66278dcc6160c152ae61902c,CL40701,FO13322,,,,,
66278dcc6160c152ae61902d,FO64462,CL31390,,,,,
66278dcc6160c152ae61902e,CL77023,FO83469,,,,,
66278dcc6160c152ae61902f,CL77023,FO83469,,,,,
66278dcc6160c152ae619030,CL77023,FO83469,,,,,
66278dcc6160c152ae619031,CL77023,FO83469,,,,,
